"relacao_id","origem","destino","tipo","arquivos_evidencia","justificativa","camada_evidencia","confianca","existente","acao","ciclo"
"REL-001","Linha do tempo mestre","Diário Negro 01","documenta","SRC-000019","Diario Negro 01 e a fonte primaria da timeline de crise","registro_direto","alto","nao","criar","R01"
"REL-002","Crise e reorganizacao 2025","Diário Negro 02","documenta","SRC-000020","Diario Negro 02 cobre a continuidade e reorganizacao","registro_direto","alto","nao","criar","R01"
"REL-003","Kevyn Lucas","Mapa da psique (Tarot)","expressa","SRC-000250","O mapa da psique traduz Kevyn em estrutura arquetipica","simbolico_espiritual","medio","nao","criar","R02"
"REL-004","Salus e Desafio Svelte","DS21 - Por Kevyn","documenta","SRC-000052","Analise com metricas reais do lancamento","documento_operacional","medio_alto","parcial","criar","R04"
"REL-005","Inteligencia artificial e automacao","EsbeltAI","envolve","SRC-000110","EsbeltAI e produto de IA planejado para o ecossistema Salus","documento_operacional","medio","parcial","criar","R04"
"REL-006","Mari e a experiencia de idealizacao","Ainda sobre a Mari","documenta","SRC-000252","Registro direto de sentimentos por Mari","registro_direto","alto","parcial","criar","R03"
"REL-007","Cha e Prosa","A funcao do Kevyn no Cha e Prosa","documenta","SRC-000251","Analise do papel de Kevyn no grupo","interpretacao_ia","medio","nao","criar","R03"
"REL-008","Espiritualidade como linguagem de sentido","Espelho negro","documenta","SRC-000111","Sessao junguiana da Sombra como pratica espiritual","documento_operacional","medio_alto","nao","criar","R06"
"REL-009","Portfolio de projetos","Agora","envolve","SRC-000453","Startup de publicos sinteticos submetida ao Centelha","documento_operacional","medio","nao","criar","R05"
"REL-010","Narrativa de grandeza e vida comum","Desisti de tentar ser extraordinario","expressa","SRC-000081","Roteiro pessoal sobre grandeza vs simplicidade","registro_direto","alto","parcial","criar","R06"
