"nota","caminho","tipo","arquivos_relacionados","problema_atual","mudancas_propostas","prioridade","ciclos","risco"
"Linha do tempo mestre","02-Cronologia-e-Memorias/Linha do tempo mestre.md","cronologia","SRC-000019,000020,000010,000011,000012,000013,000016,000017,000018,000009,000084,000086,000087,000088,000095","Cronologia plana, poucos eventos com data, periodo Santa Helena ausente","ampliar_nota, adicionar_cronologia, adicionar_contexto","P0","R01,R02,R04","medio"
"Crise e reorganizacao 2025","02-Cronologia-e-Memorias/Crise e reorganizacao 2025.md","evento","SRC-000019,000020","30 linhas para 12 meses de crise — superficial","ampliar_nota, adicionar_cronologia, criar_relacao","P0","R01","medio"
"Kevyn Lucas","01-Perfil-e-Autoconhecimento/Kevyn Lucas.md","pessoa","SRC-000247,000248,000250,000312,000257,000277,000278,000309,000319,000337,000338,000329,000281,000109","14 arquivos confluem — risco de sobrecarga. Perfil cognitivo e estrutura arquetipica ausentes","ampliar_nota, dividir_nota, adicionar_proveniencia","P0","R02,R06","alto"
"Salus e Desafio Svelte","02-Cronologia-e-Memorias/Salus e Desafio Svelte.md","evento","SRC-000052,000128,000131,000067,000110","Metricas, linha editorial e planejamento tecnico ausentes","ampliar_nota, adicionar_contexto, adicionar_proveniencia","P0","R04","medio"
"Execucao sob pressao externa","04-Trabalho-Vocacao-e-Projetos/Execucao sob pressao externa.md","padrao","SRC-000049","Evidencia de autorregulacao insuficiente","ampliar_nota, corrigir_nota","P0","R01","alto"
"Acompanhamento psicologico","06-Saude-Autocuidado-e-Autorregulacao/Acompanhamento psicologico.md","evento","SRC-001879,001877,001878","Sessao com Suzana nao documentada em detalhe","ampliar_nota, adicionar_proveniencia","P0","R03","muito_alto"
"Inteligencia artificial e automacao","04-Trabalho-Vocacao-e-Projetos/Inteligencia artificial e automacao.md","tema_pessoal","SRC-000050,000110,000453","EsbeltAI e Agora ausentes, AI First superficial","ampliar_nota, adicionar_contexto","P1","R04,R05","baixo"
"Portfolio de projetos","04-Trabalho-Vocacao-e-Projetos/Portfolio de projetos.md","moc","SRC-000453,000204,000059","Startups e contrato Midas ausentes","ampliar_nota, criar_nota","P1","R05","medio"
"Marketing comunicacao e processos","04-Trabalho-Vocacao-e-Projetos/Marketing comunicacao e processos.md","tema_pessoal","SRC-000128,000131,000052,000039,000040","Linha editorial e metricas DS21 superficiais","ampliar_nota, adicionar_contexto","P1","R04","baixo"
"Mari e a experiencia de idealizacao","03-Relacionamentos-e-Rede/Mari e a experiencia de idealizacao.md","pessoa","SRC-000252,000258,000291,000292","Narrativa cronologica da relacao ausente","ampliar_nota, adicionar_contexto","P1","R03","muito_alto"
