"justificativa","evidencia","origem","destino","operacao","ciclo","tipo","confianca"
"roteiro associado a campanha de emagrecimento presente nos materiais","UNI-000020","Marketing comunicacao e processos","Fonte - Notas profissionais e tecnicas 2025","referenciar","CICLO-0006","documenta","medio"
"roteiro em materiais profissionais atualiza portfolio","UNI-000020","Portfolio de projetos","Fonte - Notas profissionais e tecnicas 2025","referenciar","CICLO-0006","contextualiza","medio"
"SQL pgvector indica contato operacional com RAG","UNI-000021","Inteligencia artificial e automacao","Fonte - Notas profissionais e tecnicas 2025","referenciar","CICLO-0006","documenta","medio"
"SQL pgvector documentado nas notas tecnicas","UNI-000021","Tecnologia IA e automacao","Fonte - Notas profissionais e tecnicas 2025","referenciar","CICLO-0006","documenta","medio"
"nota de livro registra repertorio de negocios","UNI-000022","Negocios e marketing","Fonte - Notas profissionais e tecnicas 2025","referenciar","CICLO-0006","contextualiza","medio"
"Kanban documenta fluxo editorial nas notas de marketing","UNI-000023","Marketing comunicacao e processos","Fonte - Notas profissionais e tecnicas 2025","referenciar","CICLO-0006","documenta","medio_alto"
"Kanban documenta metodo de organizacao de producao","UNI-000023","Metodo de estudo e producao","Fonte - Notas profissionais e tecnicas 2025","referenciar","CICLO-0006","aplica","medio"
"tarefas pessoais evidenciam padrao de autorregulacao","UNI-000024","Execucao sob pressao externa","Fonte - Notas profissionais e tecnicas 2025","referenciar","CICLO-0006","documenta","alto"
"AI First documentado como framework nos materiais","UNI-000025","Inteligencia artificial e automacao","Fonte - Notas profissionais e tecnicas 2025","referenciar","CICLO-0006","documenta","medio"
"AI First documentado como framework estrategico","UNI-000025","Tecnologia IA e automacao","Fonte - Notas profissionais e tecnicas 2025","referenciar","CICLO-0006","documenta","medio"
