"tipo","caminho","operacao","ciclo","revisao_corretiva"
"modificada","04-Trabalho-Vocacao-e-Projetos/Marketing comunicacao e processos.md","modificar","CICLO-0006","sim"
"modificada","04-Trabalho-Vocacao-e-Projetos/Portfolio de projetos.md","modificar","CICLO-0006","sim"
"modificada","04-Trabalho-Vocacao-e-Projetos/Inteligencia artificial e automacao.md","modificar","CICLO-0006","sim"
"modificada","04-Trabalho-Vocacao-e-Projetos/Execucao sob pressao externa.md","modificar","CICLO-0006","sim"
"modificada","08-Estudos-e-Referencias/Tecnologia IA e automacao.md","modificar","CICLO-0006","sim"
"modificada","08-Estudos-e-Referencias/Negocios e marketing.md","modificar","CICLO-0006","sim"
"modificada","08-Estudos-e-Referencias/Metodo de estudo e producao.md","modificar","CICLO-0006","sim"
"criada","09-Fontes-e-Evidencias/Fonte - Notas profissionais e tecnicas 2025.md","criar","CICLO-0006","sim"
"modificada","09-Fontes-e-Evidencias/Indice geral de fontes selecionadas.md","modificar","CICLO-0006","sim"
