Curso para Expositor 2026 - Cronograma Organizado,,,,,,,,,,,,,
Base: Programação do dia 16/05 | Referência visual: Cronograma SUDOEXPO 2026 | Versão editável,,,,,,,,,,,,,
,,,,,,,,,,,,,
Data,,00:00:00,,Horário geral,07h30 às 12h30,,Local,,Teatro do IF,,,,
Público,,Expositores da Sudoexpo,,,,,Estimativa,,120 pessoas,,Média por empresa,,3 pessoas
Formato,,Palestras + pitch + ativações master,,,,,Palestras,,4,,Rodadas de pitch,,4
,,,,,,,,,,,,,
Ordem,Data,Início,Término,Duração (min),Tipo,Atividade,Tema / Descrição,Facilitador / Responsável,Patrocinador / Master,Local,Observações,Status,Fonte
1,16/05/2026,07:30:00,08:00:00,00:30:00,Recepção,Welcome Coffee,Recepção dos expositores e credenciamento inicial,,,Teatro do IF,,A confirmar,PDF Curso para Expositor 2026
2,16/05/2026,08:00:00,08:10:00,00:10:00,Institucional,Abertura,Abertura oficial do curso para expositores,Jose Carlos Cintra,,Teatro do IF,,A confirmar,PDF Curso para Expositor 2026
3,16/05/2026,08:10:00,08:15:00,00:05:00,Master,5min Master,Ativação institucional do patrocinador master,,Sicoob Empresarial,Teatro do IF,Bloco organizado no intervalo antes da Palestra 01.,A confirmar,PDF Curso para Expositor 2026
4,16/05/2026,08:15:00,09:00:00,00:45:00,Palestra,Palestra 01,Produto / Preço - Gestão Master,Leidiane Cortez,,Teatro do IF,"No PDF há observação de palestra de 50min; pelos horários, este bloco fica com 45min.",A confirmar,PDF Curso para Expositor 2026
5,16/05/2026,09:00:00,09:10:00,00:10:00,Master + Pitch,Rodada 01 de Pitch,Rodada 01 de Pitch + ativação master,,TV Sucesso / Band,Teatro do IF,Bloco condensado em 5min para respeitar início da Palestra 02 às 9h05.,A confirmar,PDF Curso para Expositor 2026
6,16/05/2026,09:10:00,09:55:00,00:45:00,Palestra,Palestra 02,Oferta e Comunicação: pré / durante / pós / stand - visual / mídia,Raphael Valongo,,Teatro do IF,"No PDF há observação de palestra de 50min; pelos horários, este bloco fica com 45min.",A confirmar,PDF Curso para Expositor 2026
7,16/05/2026,09:55:00,10:05:00,00:10:00,Master + Pitch,Rodada 02 de Pitch,Rodada 02 de Pitch + ativação master,,Comber,Teatro do IF,Bloco condensado em 5min antes do intervalo.,A confirmar,PDF Curso para Expositor 2026
8,16/05/2026,10:05:00,10:35:00,00:30:00,Intervalo,Intervalo,"Pausa para circulação, networking e reorganização da sala",,,Teatro do IF,Intervalo organizado até 10h10 para encaixar UniRV antes da Palestra 03.,A confirmar,PDF Curso para Expositor 2026
9,16/05/2026,10:35:00,10:45:00,00:10:00,Master + Pitch,Rodada 03 de Pitch,Ativação institucional do patrocinador master,,UniRV,Teatro do IF,Bloco posicionado antes da Palestra 03.,A confirmar,PDF Curso para Expositor 2026
10,16/05/2026,10:45:00,11:30:00,00:45:00,Palestra,Palestra 03,Comercial / Leads,Daniel Bueno,,Teatro do IF,"No PDF há observação de palestra de 50min; pelos horários, este bloco fica com 45min.",A confirmar,PDF Curso para Expositor 2026
11,16/05/2026,11:30:00,11:40:00,00:10:00,Master + Pitch,Rodada 04 de Pitch,Rodada 03 de Pitch + ativação master,,Prefeitura,Teatro do IF,Bloco condensado em 5min para respeitar início da Palestra 04 às 11h05.,A confirmar,PDF Curso para Expositor 2026
12,16/05/2026,11:40:00,12:15:00,00:35:00,Palestra,Palestra 04,Manual do expositor / montagem / lixo / comida e bebida,Carlos / Raki,,Teatro do IF,"No PDF há observação de palestra de 50min; pelos horários, este bloco fica com 45min.",A confirmar,PDF Curso para Expositor 2026
13,16/05/2026,12:15:00,12:20:00,00:05:00,Master,5min Master,Ativação master,,Comigo,Teatro do IF,Último bloco de pitch/master antes dos avisos finais.,A confirmar,PDF Curso para Expositor 2026
14,16/05/2026,12:20:00,12:25:00,00:05:00,Institucional,Avisos Finais,,,,Teatro do IF,Avisos finais conforme programação original.,A confirmar,PDF Curso para Expositor 2026