evidence_id,fonte_id,caminho_fonte,hash_fonte,localizador,tipo_evidencia,resumo_evidencia,data_evento,data_extracao,confianca_evidencia,sensibilidade,observacoes
EVD-000001,REUNIAO-SUZANA-2026-06-12,09-Fontes-e-Evidencias/Fonte - Reuniao com psicologa Suzana 2026-06-12.md,bc42a9a09004e4de3796e4ba8979796ad1f83756dce895a47344bfd8ce9563a9,Unidades de conhecimento extra?das: Base familiar fraturada e autonomia precoce,registro_terapeutico,"Kevyn descreve base familiar fraturada, cria??o pela av? materna e autonomia precoce.",2026-06-12,2026-06-30,alta,muito_alta,Fonte prim?ria para origem familiar e autonomia precoce.
EVD-000002,REUNIAO-SUZANA-2026-06-12,09-Fontes-e-Evidencias/Fonte - Reuniao com psicologa Suzana 2026-06-12.md,bc42a9a09004e4de3796e4ba8979796ad1f83756dce895a47344bfd8ce9563a9,Unidades de conhecimento extra?das: Trabalho intenso com sobrecarga e aus?ncia de limite claro,padr?o_de_trabalho,"Kevyn descreve sobrecarga, aus?ncia de hor?rio fixo para parar e press?o cont?nua por trabalho.",2026-06-12,2026-06-30,alta,muito_alta,Apoia a leitura de trabalho como eixo de sustenta??o e custo.
EVD-000003,REUNIAO-SUZANA-2026-06-12,09-Fontes-e-Evidencias/Fonte - Reuniao com psicologa Suzana 2026-06-12.md,bc42a9a09004e4de3796e4ba8979796ad1f83756dce895a47344bfd8ce9563a9,Unidades de conhecimento extra?das: Uso de Kanban/Trello para organizar trabalho e h?bitos,processo,"Kanban e Trello aparecem como tentativa concreta de organizar rotina, tarefas e h?bitos.",2026-06-12,2026-06-30,alta,alta,"Evid?ncia de organiza??o pr?tica, n?o de estabilidade plena."
EVD-000004,REUNIAO-SUZANA-2026-06-26,09-Fontes-e-Evidencias/Fonte - Reuniao com psicologa Suzana 2026-06-26.md,b40a509ae3ece6acc96287b770afcb5d8ef1339d0db78f424d18338ca00bded3,Unidades de conhecimento extra?das: Medo de analise infinita e busca de crit?rios objetivos para a terapia,registro_terapeutico,"Kevyn trata a terapia como processo que precisa de medida e limite, para n?o virar an?lise sem fim.",2026-06-26,2026-06-30,alta,muito_alta,Base direta para a fun??o objetiva da terapia.
EVD-000005,REUNIAO-SUZANA-2026-06-26,09-Fontes-e-Evidencias/Fonte - Reuniao com psicologa Suzana 2026-06-26.md,b40a509ae3ece6acc96287b770afcb5d8ef1339d0db78f424d18338ca00bded3,"Unidades de conhecimento extra?das: Controle como defesa contra incerteza e vergonha, mas tamb?m como ferramenta de organiza??o",psicologico_nao_diagnostico,O controle aparece ao mesmo tempo como ferramenta de organiza??o e como defesa.,2026-06-26,2026-06-30,alta,muito_alta,Ajuda a evitar leitura simplista do autocuidado.
EVD-000006,REUNIAO-SUZANA-2026-06-26,09-Fontes-e-Evidencias/Fonte - Reuniao com psicologa Suzana 2026-06-26.md,b40a509ae3ece6acc96287b770afcb5d8ef1339d0db78f424d18338ca00bded3,"Unidades de conhecimento extra?das: Vida social restrita, com contato concentrado em trabalho e casa",comportamental,"A vida social ? descrita como restrita, com foco em casa, trabalho e poucos ambientes externos.",2026-06-26,2026-06-30,alta,muito_alta,Base para notas de rede de rela??es e estado atual.
EVD-000007,REUNIAO-SUZANA-2026-06-26,09-Fontes-e-Evidencias/Fonte - Reuniao com psicologa Suzana 2026-06-26.md,b40a509ae3ece6acc96287b770afcb5d8ef1339d0db78f424d18338ca00bded3,"Unidades de conhecimento extra?das: Autodocumenta??o como m?todo, crit?rio de confian?a e poss?vel produto futuro",metodologico,"Autodocumenta??o ganha status de m?todo, crit?rio de confian?a e poss?vel produto.",2026-06-26,2026-06-30,alto,muito_alta,Sustenta claims sobre m?todo e prov?vel produto.
EVD-000008,SRC-000984,09-Fontes-e-Evidencias/Fonte - Prazer eu me chamo Kevyn.md,4ab29c4e8db9ea6a15b4c579f98668b7824b14ce42d7f49d4ca66203d502ef9f,Tabela: Unidades de conhecimento extra?das,auto_descricao,"Kevyn se descreve como criativo, orientado por sacrif?cio e com trabalho, imagem p?blica e espiritualidade no n?cleo da identidade.",2026-06-18,2026-06-30,alto,alta,"Autodescri??o curta e intensa, ?til para autoimagem."
EVD-000009,SRC-002401,09-Fontes-e-Evidencias/Fonte - Kevyn Lucas - dossie sintetico.md,b7dc8f40ca0e4342128597e607977c2d4e941c7d460123f52ba651be8ae58c9b,Unidades de conhecimento extra?das,sintese_biografica,"A s?ntese destaca dualidade simb?lico-operacional, estudo como infraestrutura, IA/marketing/design e trabalho como eixo de identidade.",2026-06-24,2026-06-30,alto,alta,"Ponte interpretativa forte, mas ainda sint?tica."
EVD-000010,SRC-000247,09-Fontes-e-Evidencias/Fonte - Resumo 18.01.26.md,f59dc8da1dc30ed22ba3e5055ff8da82af9cd85758b261089dff20c5f9787402,Unidades de conhecimento extra?das,cronologia_biografica,"Nascimento em 2003, ruptura familiar, mudan?a para Rio Verde aos 18, crise de 2025 e reorganiza??o de 2026.",2003-2026,2026-06-30,alto,muito_alta,Base da linha do tempo mestre.
EVD-000011,SRC-000248,09-Fontes-e-Evidencias/Fonte - Resumo 19.01.26.md,4caa7166d7c70a5efd22f8dbf8bfadd4480f9e19909f56226fbcf2a9b703582d,Unidades de conhecimento extra?das,cronologia_biografica,"A cronologia ? tratada como coerente, com tens?o entre vida comum e autoimagem grandiosa e foco em cuidado/revis?o em 2026.",2003-2026,2026-06-30,alto,muito_alta,Vers?o mais forense da cronologia resumida.
EVD-000012,fonte---diarios-em-audio-abril-2026,09-Fontes-e-Evidencias/Fonte - Diarios em audio abril 2026.md,e146395bc3066fab814a6d89b6729597b7c9fbde478d2e6568ec9b708779e225,Unidades de conhecimento extra?das,rotina_observada,"Fim de abril de 2026 com monitoria na FGV, plugins no Obsidian, 80/20, leis pessoais e autoavalia??o espiritual.",2026-04-30,2026-06-30,medio_alto,alta,"Fotografia de reorganiza??o ativa, n?o fechamento final."
EVD-000013,fonte-segundo-cerebro-consolidado,09-Fontes-e-Evidencias/Fonte - Segundo cerebro consolidado.md,772fa8e93ea98ea46af01fa6fb01289e8471b9ae7149e47f71df36c1efcd2045,Fun??o no cofre / Uso permitido,proveniencia_consolidada,"O corpus consolidado preserva mem?ria, identidade e a??o, com cautela expl?cita sobre leituras de IA.",2026-06-17,2026-06-30,medio_alto,muito_alta,Registro de proveni?ncia para o corpus consolidado.
EVD-000014,fonte-todas-as-notas-consolidado,09-Fontes-e-Evidencias/Fonte - Todas as notas consolidado.md,854437b72d4f1b2f781f5bd0473e8f812915a704a1b4fcba5e536a5db90babe5,Fun??o no cofre / Uso permitido,proveniencia_consolidada,"O corpus consolidado mostra mistura de notas, duplicatas e interpreta??es, ?til para rastrear o acervo bruto.",2026-06-17,2026-06-30,medio,muito_alta,Ajuda a entender o tamanho e a fragmenta??o do acervo.
EVD-000015,fonte-gerador-de-dossie,09-Fontes-e-Evidencias/Fonte - Gerador de dossie.md,5ae0db394749bfc3de35c8d19aec075e6884a3abcd554f11149ac34f1361a0e5,Uso editorial / Proveni?ncia,documento_operacional,"Prompts foram usados para separar fatos, decis?es, a??es, rumina??o e ru?do na consolida??o do material.",2026-06-17,2026-06-30,alto,alta,Evid?ncia de m?todo e engenharia de prompt.
EVD-000016,fonte-gerador-de-visao-geral,09-Fontes-e-Evidencias/Fonte - Gerador de visao geral.md,c0874218695ba8eb4b2b41113965121ebb2a03ee3465250172fff72023c985e6,Uso editorial / Proveni?ncia,documento_operacional,"O protocolo de prompts organiza cronologia, aut?psia relacional, lacunas e s?ntese com rastreabilidade.",2026-06-17,2026-06-30,alto,alta,Complementa o gerador de dossi?.
EVD-000017,fonte-conversa-com-minha-alma-revisada,09-Fontes-e-Evidencias/Fonte - Conversa com minha alma revisada.md,cbc93774fbc7cbd9d604cbef6a954fa57ca7ef315e14147349e95367d0937548,"Proveni?ncia: se??es Dia 14, Dia 15 e Dia 18 de junho de 2024",simbolico_espiritual,"Di?logos simb?licos mostram uso de imagens internas, vontade, sombra, disciplina, amor e trabalho.",2024-06-14/2024-06-18,2026-06-30,medio_alto,alta,"A vers?o revisada melhora legibilidade, mas continua sendo leitura simb?lica."
EVD-000018,fonte---conversa-com-minha-alma-2024-06,09-Fontes-e-Evidencias/Fonte - Conversa com minha alma 2024-06.md,a658880fe548514487c12ebcdaf728453fd15ace6729e463da3f93e54261c0db,Unidades de conhecimento extra?das,simbolico_espiritual,"A pe?a aleg?rica de 2024 ? um di?logo com a pr?pria interioridade e com linguagem de deserto, viagem e transforma??o.",2024-06,2026-06-30,medio,alta,"Origem simb?lica direta, ?til para autointerpreta??o."
EVD-000019,fonte---diario-gravity-falls-2024-06-17,09-Fontes-e-Evidencias/Fonte - Diario gravity falls 2024-06-17.md,e7ec846170a0d9ab51a19f77e81577fce33214b51cad8c28dbb3bba89452af13,Unidades de conhecimento extra?das,simbolico_espiritual,H? declara??o de 11 objetivos e forte influ?ncia thel?mica na organiza??o da vontade.,2024-06-17,2026-06-30,medio_alto,alta,Mostra a passagem da vontade para estrutura simb?lica.
EVD-000020,fonte---zaratustra-e-mapa-thothiano,09-Fontes-e-Evidencias/Fonte - Zaratustra e mapa Thothiano.md,54c3cf87f22ea32b329022d755be37cdce36b04cdecb291f7dee79941bae8247,Unidades de conhecimento extra?das,simbolico_espiritual,"Zaratustra, Tarot de Thoth e leitura da psique circulam em contexto relacional e de autointerpreta??o.",2025,2026-06-30,medio,alta,Fonte derivada e interpretativa; manter limite alto.
EVD-000021,fonte-diario-negro-01-241225-ate-130226,09-Fontes-e-Evidencias/Fonte - Diario Negro 01 - 241225 ate 130226.md,bef341662828918793f64afad1520f9d09a2fc9d44c31534ba6aa141ff46a1c1,O que esta fonte permite concluir,diario,"A fase registra crise, compensa??o simb?lica, reorganiza??o via trabalho e retorno gradual ? a??o concreta.",2025-12-24/2026-02-13,2026-06-30,alto,muito_alta,Base forte para a leitura de crise de 2025.
EVD-000022,fonte-diario-negro-02-130226-ate-250426,09-Fontes-e-Evidencias/Fonte - Diario Negro 02 - 130226 ate 250426.md,6efb383e194e536b9c3942e2bb16ad5b58dce28e7765ab4deb4f759d7f5f133c,O que esta fonte permite concluir,diario,"O di?rio sustenta a passagem da crise para cuidado, disciplina e revis?o de rotina.",2026-02-13/2026-04-25,2026-06-30,alto,muito_alta,Base forte para a virada de 2026.
EVD-000023,fonte-analises-diario-negro-01,09-Fontes-e-Evidencias/Fonte - Analises Diario Negro 01.md,13da9212dd8fdc73111948d04d4e8424c13c4b170d4740b52403954bbca81a5e,O que esta fonte permite concluir,analise_heuristica,"A leitura heur?stica aponta tens?es entre lucidez e a??o, s?mbolo e corpo, complexidade e entrega.",2026-06-25,2026-06-30,medio,muito_alta,"Heur?stica ?til, mas n?o pode substituir registros diretos."
EVD-000024,fonte-framework-vontade-smart,09-Fontes-e-Evidencias/Fonte - Framework Vontade SMART.md,940b97ab98691e5b1ea93ae7b96c0469cf55824ddd20e610994a27264d42cb34,Fun??o no cofre / Classifica??o,nota_autorregulacao,"A vers?o operacional da revis?o traduz disciplina, cuidado e metas observ?veis em um framework pr?tico.",2026-06-17,2026-06-30,medio_alto,muito_alta,Vers?o operacional da autorregula??o.
EVD-000025,fonte-150626-rnidiqaoup,09-Fontes-e-Evidencias/Fonte - 150626 RNIDIQAOUP.md,7bfb90513b0aa0e8f0db9ec878d93881de5bf7bd893278047d3b4080aee009af,O que esta fonte permite concluir,revisao_autorregulacao_ia,"Uma semana de execu??o forte em ACIRV, com entregas conclu?das, apresenta??o de trabalho e rotina presencial.",2026-06-15,2026-06-30,alto,muito_alta,Boa evid?ncia de desempenho sob prazo.
EVD-000026,SRC-000726,Primeiro Segundo Cérebro/Hoor Digital.md,c3ebe6dd00d079a077de969e5c956bca3d5f9c681d81cf8fd891575da01a7ff1,caminho_origem / uso editorial,documento_operacional,"Hoor Digital aparece como camada de marca e oferta em constru??o, com atividade real relatada, mas sem prova de opera??o p?blica est?vel.",2025-11-02,2026-06-30,medio_alto,alta,Fonte-manifesto de marca/offer layer; arquivo nao materializado no recorte ativo.
EVD-000027,fonte-analises-de-copy-e-lancamento-ds21-2025,09-Fontes-e-Evidencias/Fonte - Analises de copy e lancamento DS21 2025.md,e689fce7d4de9e700c7895443b202b9c9502d8d1989b4d5ac7780294efbc719f,Escopo / Conclus?o editorial,analise_marketing,"Kevyn trabalha promessa, oferta, funil, m?tricas e compara??o de textos autorais e clones gerados por IA.",2025-09/2025-10,2026-06-30,medio_alto,alta,Evid?ncia de repert?rio em copy e lan?amento.
EVD-000028,fonte-operacao-wsi-salus-e-acessos-2025,09-Fontes-e-Evidencias/Fonte - Operacao WSI Salus e acessos 2025.md,079458f95560427327f5657b98d4daa98bc39478a34a0c6cc32be6a5be6949dd,Fontes / Limites,documento_operacional,"O lote sustenta contato com SQL, pgvector, Supabase, N8N, RAG e Google Cloud, com segredos redigidos.",2025-07/2025-10,2026-06-30,medio_alto,muito_alta,Evid?ncia t?cnica e operacional forte.
EVD-000029,fonte-contextos-wsi-salus-e-cha-e-prosa-2025,09-Fontes-e-Evidencias/Fonte - Contextos WSI Salus e Cha e Prosa 2025.md,29c9c415df3b8f26fbb9091e6fca4719ca37ab6d5156a820bc1605ed4bef2ab2,Escopo / Fontes,documento_operacional,O lote evidencia repert?rio de marca/oferta e tamb?m um registro simb?lico ligado a Ch? e Prosa/Thelema.,2025-08/2025-12,2026-06-30,medio,alta,Une contexto comercial e simb?lico.
EVD-000030,fonte-materiais-imria-e-marketing-2025,09-Fontes-e-Evidencias/Fonte - Materiais IMRIA e marketing 2025.md,e2c1cc372afe509f5c43679f332c65a330950878ae17d33b6e9f332ca68b574c,Escopo / Conclus?o editorial,documento_operacional,"O lote demonstra marketing de resposta direta e IA aplicada: dor, promessa, oferta, escassez, pre?o, p?blico e oficina m?o na massa.",2025-09/2025-11,2026-06-30,medio_alto,alta,Evid?ncia de marketing e IA aplicada.
EVD-000031,fonte-tecnologias-de-si,09-Fontes-e-Evidencias/Fonte - Tecnologias de Si.md,05b250ff474b76e23fecc0db75e0394f3516b44da51fc268b95ee92b094c28b2,Fun??o no cofre / Classifica??o,nota_autorregulacao,"Tecnologias de si traduz cuidado, disciplina e rotina em linguagem conceitual sem converter isso em diagn?stico.",2026-06-17,2026-06-30,medio,muito_alta,Apoia o eixo de cuidado e limite.
EVD-000032,fonte-cartas-a-aline-julho-2026,09-Fontes-e-Evidencias/Fonte - Cartas a Aline julho 2026.md,,Cartas; 290726; Lenda do Graal 02/08; opções A/B; diário 250726 (rascunho não enviado),registro_direto,"Reciprocidade real com extrapolação de futuro, seguida de limite, luto e decisão de ritmo em julho-agosto de 2026.",2026-07/2026-08,2026-09-28,alta,muito_alta,Relato unilateral de Kevyn; não afirma intenções de terceiros.
EVD-000033,fonte-missao-da-minha-vida-2026-09-05,09-Fontes-e-Evidencias/Fonte - Missao da minha vida 2026-09-05.md,,Missão; Contrato 25-26/09; 270926; Plano e Avaliação 050926; Contexto 030926,registro_direto,"Recalibração de setembro: perfil híbrido, renúncia, plano de 48 semanas e critério de prova acima de narrativa.",2026-09,2026-09-28,alta,alta,Plano e autoavaliação; sem benchmark externo.
EVD-000034,fonte-sessao-suzana-2026-07-10-yasmin,09-Fontes-e-Evidencias/Fonte - Sessao Suzana 2026-07-10 Yasmin.md,,Transcrição 100726,registro_terapeutico,"Relação com Yasmin com intimidade rápida, Operação Bebê, término e revisão; progresso corporal e de conteúdo.",2026-07-10,2026-09-28,alta,muito_alta,Autorrelato; revisão moral posterior não reconstrói cena completa.
EVD-000035,fonte-conversas-whatsapp-com-aline-dutra,09-Fontes-e-Evidencias/Fonte - Conversas WhatsApp com Aline Dutra.md,,Conversa WhatsApp 16-25/07 (2374 linhas) e 26-27/07 (253 linhas),registro_direto,"Conversa bilateral com voz direta de Aline: reciprocidade, pedido de ritmo, interseccao de mensagens e desfechos em periodos distintos.",2026-07-16/2026-07-27,2026-09-28,alta,muito_alta,"Fonte primaria bilateral; cobre ate 27/07, com lacuna posterior."
EVD-000036,fonte-o-sonho-do-kevyn-2026-10-04,09-Fontes-e-Evidencias/Fonte - O sonho do Kevyn 2026-10-04.md,,Texto integral,registro_direto,"Kevyn liga explicitamente competência, disciplina e autossuficiência ao desejo de retirar poder da vulnerabilidade.",2026-10-04,2026-10-04,alta,muito_alta,Declaração intensa e datada; não prova causa psicológica estável.
EVD-000037,fonte-diario-03-10-26,09-Fontes-e-Evidencias/Fonte - Diario 03.10.26.md,,Entradas 14:14-20:54,diario,"No mesmo dia aparecem resistência ao descanso, geração de ideias paralelas e conclusão/envio do relatório da ACIRV.",2026-10-03,2026-10-04,alta,muito_alta,"O interesse em manipulação é intenção declarada, não comportamento demonstrado."
EVD-000038,fonte-a-caridade-teoria-dos-jogos-e-design-de-mecanismos,09-Fontes-e-Evidencias/Fonte - A caridade teoria dos jogos e design de mecanismos.md,,Tese e arquitetura de estudo,ensaio_pessoal_assistido,"Direção intelectual prioriza incentivos, desenho institucional, feedback, limites ao poder e ética antes de adesão a pacote ideológico.",2026-09-06/2026-09-07,2026-10-04,medio_alto,alta,Artefato autoral com sinais de elaboração assistida por IA.
EVD-000039,fonte-alem-das-ideologias,09-Fontes-e-Evidencias/Fonte - Alem das Ideologias.md,,Blocos inicial e final curados,interpretacao_ia,"Crítica derivada explicita tecnocracia, reflexividade e o problema de limitar também o designer dos mecanismos.",2026-09-06/2026-09-07,2026-10-04,media,alta,Documento extenso lido parcialmente; marcado para revisita.
EVD-000040,fonte-conversa-politica-02-10-26,09-Fontes-e-Evidencias/Fonte - Conversa politica 02.10.26.md,,"Prompts sobre Foucault, Marx, neoliberalismo e tecnocracia",registro_misto,Kevyn pede que a proposta de Estado open source seja testada contra críticas fortes e questiona rotulagem ideológica automática.,2026-10-02,2026-10-04,medio_alto,alta,Prompts são diretos; respostas da IA são derivadas.
EVD-000041,fonte-uma-visao-psicologica-da-mente-do-kevyn,09-Fontes-e-Evidencias/Fonte - Uma visao psicologica da mente do Kevyn.md,,Síntese interpretativa,interpretacao_ia,"A IA organiza a hipótese de eu-como-projeto e um ciclo entre vulnerabilidade, ideal, sistemas, desempenho e validação.",2026-10-04,2026-10-04,media,muito_alta,Mapa de hipótese; não conta como evidência independente.
EVD-000042,fonte-kevyn-e-so-um-cara,09-Fontes-e-Evidencias/Fonte - Kevyn e so um cara.md,,Leitura Hermes/Mercúrio,interpretacao_ia,A IA usa Hermes como metáfora de tradução/mediação e aponta como sombra possível manipulação e inflação intelectual.,2026-09-07,2026-10-04,medio_baixo,alta,Leitura simbólica; não prova arquétipo dominante ou comunicação literal.
EVD-000043,fonte-conversa-seria-2026-09-25,09-Fontes-e-Evidencias/Fonte - Conversa seria 2026-09-25.md,,Transcrição integral,registro_direto,"Kevyn chama a si mesmo de projeto grandioso, exige que sistemas virem comportamento, usa Hermes/alquimia e liga disciplina a saúde, força, integridade e validação.",2026-09-25,2026-10-04,alta,muito_alta,Autorrelato familiar não atribui intenção a terceiros.
EVD-000044,fonte-o-kevyn-faz,09-Fontes-e-Evidencias/Fonte - O Kevyn faz.md,,Transcrição integral,registro_direto,"Autorretrato profissional diferencia maior prática em design/motion, base menor em 3D, contato parcial com programação e aplicação recente de IA/n8n/Lovable/Hermes Work.",,2026-10-04,alta,alta,Autoavaliação sem benchmark externo; discrepância geográfica posteriormente resolvida por EVD-000046.
EVD-000045,fonte-consideracoes-sobre-rafael-serve-e-hermes,09-Fontes-e-Evidencias/Fonte - Consideracoes sobre Rafael Serve e Hermes.md,,Transcrição integral,registro_direto,"Kevyn avalia automação por tempo, precisão, chamadas/tokens e propõe protocolos operacionais pré-definidos; Hermes Work aparece ativo.",,2026-10-04,alta,alta,Registra intenção e trabalho em curso; não prova implementação das melhorias.
EVD-000046,fonte-retificacao-biografica-2026-10-05,09-Fontes-e-Evidencias/Fonte - Retificacao biografica 2026-10-05.md,,Retificação direta em conversa de 05/10/2026,registro_direto,"Kevyn corrige a cronologia inicial: provável nascimento em Goiânia; mudança ainda jovem para Santa Helena; primeiro emprego aos 15 na Sigma Comunicação Visual; aos 18 mudança para Rio Verde e entrada na Mídia e Cia, também de comunicação visual.",2003-2021,2026-10-05,alta,alta,"Retificação direta posterior; corrige a direção geográfica da frase do áudio sem alterar o original. Local de nascimento permanece provável."
