start,end,text
"00:00:00.000","00:00:02.940","Mas eu tenho que..."
"00:00:02.940","00:00:04.340","Eu tinha que ter... Beleza."
"00:00:04.340","00:00:08.960","É por causa que a aula de finanças cooperativas,"
"00:00:08.960","00:00:11.480","ela é interessante, mas..."
"00:00:11.480","00:00:14.200","Ela me convenceu de que eu tenho que investir em ações, né?"
"00:00:14.200","00:00:16.200","E eu tenho que comprar o máximo de ações possíveis"
"00:00:16.200","00:00:18.570","para minimizar o risco e deixar o retorno médio."
"00:00:18.570","00:00:22.860","Ok. Isso é ok."
"00:00:22.860","00:00:25.680","Só que..."
"00:00:25.680","00:00:29.040","Acima disso, eu queria um jeito de, tipo assim,"
"00:00:29.120","00:00:31.340","conseguir calcular o meu tempo."
"00:00:31.340","00:00:35.290","Calcular o retorno sobre o meu tempo, entendeu?"
"00:00:35.290","00:00:39.110","Por causa que eu nasci pobre, nasci de baixo e..."
"00:00:39.110","00:00:42.020","E eu tenho que me construir."
"00:00:42.020","00:00:46.080","E, tipo, o único ativo de verdade que eu tenho é o tempo."
"00:00:46.080","00:00:48.080","Eu tenho pouca grana, entendeu?"
"00:00:48.080","00:00:55.020","E eu queria..."
"00:00:55.020","00:00:57.720","Ah, eu queria um MBA, assim, de gestão de tempo."
"00:00:58.240","00:01:00.300","Tipo, matematicamente, entendeu?"
"00:01:00.300","00:01:02.380","Uma coisa assim que me convenceu de verdade a..."
"00:01:02.380","00:01:05.280","A alta produtividade, entendeu?"
"00:01:05.280","00:01:07.380","E a como..."
"00:01:07.380","00:01:10.400","A como medir retorno de verdade, entendeu?"
"00:01:10.400","00:01:11.480","Retorno sobre o tempo."
"00:01:12.760","00:01:21.720","Apesar de que, mesmo que eu tivesse esse MBA, talvez eu consiga medir assim, intuitivamente, só de pensar, né?"
"00:01:21.720","00:01:23.540","Usar um pouco a cabeça para variar."
"00:01:23.540","00:01:27.980","O que vai me dar o maior retorno e o que não vai..."
"00:01:27.980","00:01:30.640","E o que não vai me dar tanto retorno assim?"
"00:01:34.820","00:01:36.960","Enfim, eu..."
"00:01:36.960","00:01:42.260","Dito isto, eu quero começar a organizar mais o meu tempo."
"00:01:42.260","00:01:44.960","Eu sei que eu tenho tarefas muito grandes, mas..."
"00:01:44.960","00:01:50.100","Eu tenho que me acostumar a pegar tarefas grandes e fragmentar elas."
"00:01:50.100","00:01:52.080","Entendeu?"
"00:01:52.340","00:01:54.560","Fazer um pouquinho cada dia, por exemplo."
"00:01:54.560","00:01:58.300","E entender o que cada ação minha..."
"00:01:58.300","00:01:59.160","Tipo, beleza."
"00:01:59.160","00:02:02.480","Todo movimento de Hadith no corpo de Nuit..."
"00:02:02.480","00:02:05.440","É como se fosse sexo astral..."
"00:02:05.440","00:02:07.980","Que dá origem a um filho."
"00:02:07.980","00:02:09.580","Entendeu?"
"00:02:09.580","00:02:10.520","Um filho astral."
"00:02:10.520","00:02:13.440","Então, todo movimento nosso..."
"00:02:13.440","00:02:16.630","É tipo ação e reação, entendeu?"
"00:02:16.630","00:02:19.220","Toda ação nossa tem uma reação."
"00:02:19.220","00:02:22.630","Não só no sentido físico, mas no sentido de..."
"00:02:22.630","00:02:24.630","Tipo..."
"00:02:24.630","00:02:31.840","Psicológico."
"00:02:32.470","00:02:34.800","É..."
"00:02:34.800","00:02:35.220","Beleza."
"00:02:35.220","00:02:38.780","Aqui a gente está falando de hermetismo e mentalismo, né?"
"00:02:38.780","00:02:43.690","Julgando que isso é real e que isso é verdade..."
"00:02:43.690","00:02:46.700","E..."
"00:02:46.700","00:02:47.700","Previamente..."
"00:02:47.700","00:02:50.700","Dizendo que a gente acredita nisso..."
"00:02:50.700","00:02:52.700","Então..."
"00:02:52.700","00:02:54.700","Todo movimento..."
"00:02:54.700","00:02:58.700","Do meu corpo no espaço..."
"00:02:58.700","00:03:00.700","Gera um efeito..."
"00:03:00.700","00:03:01.700","Visível..."
"00:03:02.480","00:03:03.380","Na matéria..."
"00:03:03.380","00:03:04.940","No espaço em si..."
"00:03:04.940","00:03:06.560","E gera um efeito invisível..."
"00:03:06.560","00:03:07.700","Na minha mente..."
"00:03:07.700","00:03:11.080","É..."
"00:03:11.080","00:03:12.700","Por causa que o mundo da minha mente..."
"00:03:12.700","00:03:14.700","E o mundo material..."
"00:03:14.700","00:03:16.700","O mundo mental e o mundo material..."
"00:03:16.700","00:03:17.700","Eles..."
"00:03:17.700","00:03:18.600","São iguais."
"00:03:19.160","00:03:19.500","Entendeu?"
"00:03:19.500","00:03:21.940","É..."
"00:03:21.940","00:03:23.220","Assim em cima como embaixo..."
"00:03:23.220","00:03:24.820","Assim dentro como fora..."
"00:03:24.820","00:03:25.900","Assim fora como..."
"00:03:25.900","00:03:28.000","Assim em cima como embaixo..."
"00:03:28.000","00:03:29.600","Assim embaixo como em cima..."
"00:03:29.600","00:03:30.380","Assim fora como dentro..."
"00:03:30.380","00:03:32.380","Assim dentro como fora..."
"00:03:32.380","00:03:33.300","Entendeu?"
"00:03:34.300","00:03:34.900","Então..."
"00:03:34.900","00:03:35.340","Por exemplo..."
"00:03:35.340","00:03:36.760","Eu ficar andando pra lá e pra cá..."
"00:03:36.760","00:03:39.760","Que nem eu estou fazendo agora..."
"00:03:39.760","00:03:41.860","Eu estou laborando, né?"
"00:03:41.860","00:03:44.760","Eu estou trabalhando mentalmente..."
"00:03:44.760","00:03:45.720","E aí o meu corpo..."
"00:03:45.720","00:03:47.760","Ele sente essa necessidade de andar..."
"00:03:47.760","00:03:49.220","Tipo..."
"00:03:49.220","00:03:50.720","Minha mente está em movimento..."
"00:03:50.720","00:03:52.180","Aí o meu corpo reflete isso..."
"00:03:52.180","00:03:53.440","Estando em movimento..."
"00:03:53.440","00:03:55.220","Agora..."
"00:03:55.220","00:03:56.080","Agora por exemplo..."
"00:03:56.080","00:03:57.280","Se a minha casa está bagunçada..."
"00:03:57.280","00:03:59.280","É..."
"00:03:59.280","00:04:01.740","Dentro da minha cabeça..."
"00:04:01.740","00:04:03.280","Vai estar bagunçado também..."
"00:04:03.280","00:04:05.280","Se eu me distraio..."
"00:04:05.280","00:04:06.780","O meu..."
"00:04:06.780","00:04:07.860","Se eu me disperso..."
"00:04:07.860","00:04:09.020","O meu trabalho se dispersa..."
"00:04:09.020","00:04:10.280","O meu trabalho não foca..."
"00:04:10.280","00:04:22.800","Enfim..."
"00:04:22.800","00:04:26.800","Enfim..."
"00:04:26.800","00:04:29.240","É..."
"00:04:29.240","00:04:30.680","O que eu quero dizer com isso?"
"00:04:30.680","00:04:32.800","Que eu tenho que..."
"00:04:32.800","00:04:34.700","É..."
"00:04:34.700","00:04:37.180","Pensar em questão de retorno eficiente..."
"00:04:37.180","00:04:37.800","Tipo..."
"00:04:37.800","00:04:39.800","E lembrar também..."
"00:04:40.270","00:04:40.890","Putz..."
"00:04:40.890","00:04:42.660","Eu falei tanto..."
"00:04:42.660","00:04:43.520","Sobre isso..."
"00:04:43.520","00:04:44.360","Sobre..."
"00:04:44.360","00:04:45.830","A lei do 20% de esforço..."
"00:04:45.830","00:04:47.520","Que vai gerar 80% do resultado..."
"00:04:47.520","00:04:49.800","Eu tenho que lembrar disso, né?"
"00:04:49.800","00:04:50.520","Lei de pareto..."
"00:04:50.520","00:04:52.680","Tipo..."
"00:04:52.680","00:04:53.740","Lei de pareto é..."
"00:04:53.740","00:04:54.060","Ó..."
"00:04:54.060","00:04:55.520","Do mesmo jeito que..."
"00:04:55.520","00:04:56.520","Que..."
"00:04:56.520","00:04:59.520","Que..."
"00:04:59.520","00:05:01.520","É..."
"00:05:01.520","00:05:01.520","No..."
"00:05:01.520","00:05:03.520","Nas finanças cooperativas..."
"00:05:03.520","00:05:05.520","O caixa é rei..."
"00:05:05.520","00:05:08.520","Que eu acho que..."
"00:05:10.020","00:05:11.020","Na..."
"00:05:11.020","00:05:11.360","Na..."
"00:05:11.360","00:05:11.640","Na..."
"00:05:11.640","00:05:14.480","Eu não sei como é que chama isso de fato, mas..."
"00:05:14.480","00:05:15.760","Na ciência..."
"00:05:15.760","00:05:16.820","Nos resultados..."
"00:05:16.820","00:05:18.380","É..."
"00:05:18.380","00:05:18.720","No..."
"00:05:18.720","00:05:19.820","Retorno sobre investimento..."
"00:05:19.820","00:05:21.820","No ROI..."
"00:05:21.820","00:05:24.320","Na..."
"00:05:24.320","00:05:25.820","ROI..."
"00:05:25.820","00:05:25.820","ROI..."
"00:05:25.820","00:05:27.880","ROIologia..."
"00:05:27.880","00:05:28.820","ROIologia..."
"00:05:28.820","00:05:29.820","ROI..."
"00:05:29.820","00:05:30.340","Logia..."
"00:05:30.340","00:05:30.820","É isso..."
"00:05:30.820","00:05:33.060","É..."
"00:05:33.060","00:05:34.780","Eu tô inventando esse termo..."
"00:05:34.780","00:05:35.400","Eu não sei..."
"00:05:35.400","00:05:36.880","Eu não sei de fato como é que chama isso..."
"00:05:36.880","00:05:38.320","Na ciência dos resultados..."
"00:05:38.320","00:05:39.220","Na medic..."
"00:05:39.220","00:05:39.640","É..."
"00:05:39.640","00:05:41.080","Eu acho que é isso..."
"00:05:41.080","00:05:42.580","Se magia..."
"00:05:42.580","00:05:43.500","É..."
"00:05:43.500","00:05:45.680","Tipo..."
"00:05:45.680","00:05:46.460","É..."
"00:05:46.460","00:05:48.260","Criar mudanças na realidade..."
"00:05:48.260","00:05:49.180","De acordo com a vontade..."
"00:05:49.180","00:05:51.500","É..."
"00:05:51.500","00:05:53.520","Mas aí a vontade pode ser qualquer coisa também, né?"
"00:05:53.520","00:05:54.180","A vontade..."
"00:05:54.180","00:05:57.180","Direcionada pra dispersão..."
"00:05:57.180","00:05:59.080","É..."
"00:05:59.080","00:06:00.180","Mas aí quando..."
"00:06:00.180","00:06:01.300","Quando a gente tá disperso..."
"00:06:01.300","00:06:02.180","A gente não cria..."
"00:06:02.180","00:06:04.540","Só cria mudanças na realidade, né?"
"00:06:04.540","00:06:06.180","A gente só fica disperso..."
"00:06:06.180","00:06:07.460","Na verdade não..."
"00:06:07.460","00:06:09.600","Não gera esse resultado..."
"00:06:09.600","00:06:10.540","E..."
"00:06:10.540","00:06:11.120","Pro mago..."
"00:06:11.120","00:06:12.540","Sucesso é a prova..."
"00:06:12.540","00:06:14.660","Então ser o mago..."
"00:06:14.660","00:06:15.000","Né?"
"00:06:15.000","00:06:17.540","E mago é o símbolo de Hadith..."
"00:06:17.540","00:06:24.060","E tem o macaco, né?"
"00:06:24.060","00:06:26.860","Tem o macaco de Toti e o macaco de Hadith..."
"00:06:26.860","00:06:28.900","Que tem na carta do mago..."
"00:06:28.900","00:06:30.800","Então o macaco seria dispersão..."
"00:06:30.800","00:06:31.980","Seria confusão..."
"00:06:31.980","00:06:32.520","E..."
"00:06:32.520","00:06:34.520","E..."
"00:06:34.520","00:06:36.520","Hadith..."
"00:06:36.520","00:06:38.520","Hadith em nós..."
"00:06:38.520","00:06:41.520","Nós sendo Hadith..."
"00:06:41.520","00:06:44.520","É..."
"00:06:44.520","00:06:46.520","Ai, ai..."
"00:06:46.520","00:06:49.680","É como se eu fosse dois..."
"00:06:49.680","00:06:50.000","Um..."
"00:06:50.000","00:06:52.680","Na verdade eu não sou nenhum dos dois, né?"
"00:06:52.680","00:06:54.520","Eu sou uma coisa silenciosa..."
"00:06:54.520","00:06:57.520","E que pode..."
"00:06:58.900","00:07:00.900","Direcionar a energia..."
"00:07:00.900","00:07:03.900","E eu sou um terceiro..."
"00:07:03.900","00:07:06.180","Um..."
"00:07:06.180","00:07:07.640","Que observa e decide..."
"00:07:07.640","00:07:09.140","Um que gera energia..."
"00:07:09.140","00:07:10.200","Ai, sei lá..."
"00:07:10.200","00:07:11.140","Sei lá..."
"00:07:11.140","00:07:11.820","Nem..."
"00:07:11.820","00:07:12.900","Eu não tô conseguindo explicar..."
"00:07:12.900","00:07:13.900","Inclusive..."
"00:07:13.900","00:07:15.860","Nota, chat GPT..."
"00:07:15.860","00:07:17.400","Quando você lê..."
"00:07:17.400","00:07:19.900","Quando você for ler esse texto aqui que eu tô..."
"00:07:19.900","00:07:23.080","Que eu tô..."
"00:07:23.080","00:07:24.480","Que eu tô falando nesse áudio..."
"00:07:24.480","00:07:25.900","Eu quero que você tente me ajudar..."
"00:07:25.900","00:07:27.900","A organizar isso que eu tô pensando..."
"00:07:27.900","00:07:43.300","Eu tô pensando em Telemã. Telemã tem Harurkuit e tem Rurpar Krat, que são deuses gêmeos, e eles também meio que dividem o mesmo corpo."
"00:07:43.300","00:07:55.340","São duas faces do mesmo deus. Rurpar Krat é o deus do silêncio, e Harurkuit é o deus falcão, que é a voz da maior parte do terceiro livro do Liberal."
"00:07:57.900","00:08:03.820","É como se fosse um deus nativo e outro passivo. É um deus de guerra e o outro deus do silêncio."
"00:08:03.820","00:08:08.180","Um é o deus falcão e o outro é o deus bebê no ovo azul."
"00:08:08.180","00:08:20.300","Enfim, é disso que eu tô falando. Ali no caminho de Keter para Bina tem o caminho Bet, da letra Bet."
"00:08:20.300","00:08:30.600","E aquele caminho lá é referente à carta do mago. E na carta do mago no tarô tem a figura do mago e atrás dele, meio que ficando pra trás assim,"
"00:08:30.600","00:08:36.760","tipo embaixo do pé dele, tem a figura do macaco, o macaco de Toth."
"00:08:36.760","00:08:45.040","O macaco ele fica o tempo todo confundindo a gente. Ele fica rodeando Toth, que é a figura central."
"00:08:45.220","00:08:50.980","Não, a figura central não é Toth, né? É Hermes. Só que Hermes e Toth é a mesma coisa. É o mesmo ser."
"00:08:50.980","00:08:54.220","Hermes, Toth e Mercúrio. O mesmo ser."
"00:08:56.550","00:09:00.140","Mas aí eu vou chamar aquele ser lá no centro da carta do magos de o magos."
"00:09:00.140","00:09:10.220","O magos significa foco, significa criação, significa domínio sobre os elementos, significa direção correta da vontade, entendeu?"
"00:09:10.220","00:09:11.080","Reta ação."
"00:09:11.080","00:09:17.550","E o macaco simboliza dispersão, simboliza confusão, simboliza..."
"00:09:17.550","00:09:26.550","É baixo resultado, entendeu? Enquanto que o magos ele é resultado, o macaco ele é baixo resultado."
"00:09:26.550","00:09:39.220","Enquanto que o magos é movimento, é orientado a resultados, o macaco ele é procrastinação orientada a destruição de valor."
"00:09:40.550","00:09:43.910","O magos é o bem e o macaco é o mal. É isso."
"00:09:43.910","00:09:48.660","Ai, ai. Não gosto muito disso, mas tudo bem, né?"
"00:09:48.660","00:09:49.550","Eu também..."
"00:09:49.550","00:09:51.550","Eu também tô..."
"00:09:51.550","00:09:53.550","Tô..."
"00:09:53.550","00:09:55.460","Também sou vítima aí da linguagem."
"00:09:59.550","00:10:02.040","E eu tô dando toda essa volta, né?"
"00:10:02.040","00:10:04.460","Andando pra lá e pra cá."
"00:10:04.460","00:10:08.410","E falando aqui de orientação a resultados e lei de pareto."
"00:10:08.410","00:10:11.840","Eu acho que o que eu quero dizer..."
"00:10:11.840","00:10:13.550","Não sei bem se eu tô conseguindo..."
"00:10:13.550","00:10:17.860","E eu tô tentando me convencer disso, eu acho."
"00:10:17.860","00:10:21.320","Eu também sou muito teimoso, né? Muito questionador."
"00:10:21.320","00:10:23.290","Não, não sou teimoso, não."
"00:10:23.290","00:10:23.940","Eu sou..."
"00:10:23.940","00:10:25.080","Eu sou..."
"00:10:25.080","00:10:27.580","Eu sou uma pessoa..."
"00:10:27.580","00:10:29.400","Como se fala..."
"00:10:29.400","00:10:31.900","O contrário de teimoso, eu sou obediente."
"00:10:31.900","00:10:36.260","Não tão obediente assim também, né?"
"00:10:36.260","00:10:37.290","Eu sou..."
"00:10:37.290","00:10:39.290","Eu não sou..."
"00:10:39.290","00:10:40.290","Ai..."
"00:10:40.290","00:10:44.360","Ai, é complicado me definir, complicado lidar comigo."
"00:10:44.360","00:10:48.540","Só que não vamos abandonar isso, não vamos me comparar, não."
"00:10:48.540","00:10:52.400","Eu não sou obediente, não sou teimoso, não sou questionador, não."
"00:10:52.960","00:10:53.790","E não sou..."
"00:10:53.790","00:10:54.910","Eu não tenho certeza cega."
"00:10:54.910","00:10:56.240","Eu sou, simplesmente."
"00:10:56.240","00:10:58.780","Enfim."
"00:10:58.780","00:11:01.440","Lei de pareto."
"00:11:01.440","00:11:05.000","Qual que é o 20% que vai dar 80% do resultado?"
"00:11:05.000","00:11:06.640","Eu tenho sempre que me lembrar disso."
"00:11:06.640","00:11:09.020","Em todas as coisas que eu for fazer."
"00:11:09.020","00:11:14.160","Eu penso no resultado que eu quero e penso em qual que é o 20% de esforço que vai me dar..."
"00:11:14.160","00:11:14.960","Que vai me gerar..."
"00:11:14.960","00:11:16.960","É..."
"00:11:16.960","00:11:19.360","80% do resultado que eu quero."
"00:11:19.360","00:11:21.760","E..."
"00:11:21.760","00:11:22.620","Agora..."
"00:11:22.620","00:11:24.140","Lei de Kevin, né?"
"00:11:24.140","00:11:25.940","Uma das leis de Kevin."
"00:11:25.940","00:11:27.380","Chat."
"00:11:27.380","00:11:32.320","Marca isso aqui na sua memória que eu vou falar agora como primeira lei de Kevin."
"00:11:32.320","00:11:33.780","Eu vou..."
"00:11:33.780","00:11:35.900","Agora eu vou começar a falar várias leis de Kevin."
"00:11:35.900","00:11:38.960","E depois eu quero compilar todas essas leis num..."
"00:11:38.960","00:11:39.900","Num arquivo separado."
"00:11:39.900","00:11:42.900","E aí eu vou pedir pra você..."
"00:11:42.900","00:11:47.620","Eu não sei qual o IA que eu vou estar usando no futuro pra fazer isso."
"00:11:47.940","00:11:49.780","Atualmente eu tô usando muito chat EPT, né?"
"00:11:49.780","00:11:51.300","Por isso que eu tô falando chat toda hora."
"00:11:51.300","00:11:53.540","Mas eu vou substituir por isso."
"00:11:53.540","00:11:54.660","Eu vou falar agora IA."
"00:11:56.860","00:12:00.180","Sempre que eu falar com uma IA, sempre que eu me referir a uma IA..."
"00:12:00.180","00:12:02.180","Entenda que eu..."
"00:12:02.180","00:12:05.340","Entenda que eu estou falando com você, IA, que está lendo esse texto agora."
"00:12:05.340","00:12:07.740","É..."
"00:12:07.740","00:12:12.840","E aí, marca aí na sua memória essa que eu vou falar agora como a primeira lei de Kevin."
"00:12:12.840","00:12:14.980","É..."
"00:12:14.980","00:12:19.060","E depois, mais tarde, eu vou pedir pra você ler um monte de texto..."
"00:12:19.060","00:12:24.060","E retirar todas as leis de Kevin pra eu conseguir compilar essas leis num..."
"00:12:24.060","00:12:26.900","Num arquivo separado, entendeu?"
"00:12:26.900","00:12:28.380","Pra eu ter só as leis de Kevin."
"00:12:28.380","00:12:29.660","Então vamos lá."
"00:12:29.660","00:12:30.800","Lei de Kevin."
"00:12:31.580","00:12:34.020","Se contente com 80% do resultado."
"00:12:34.020","00:12:37.540","E..."
"00:12:37.540","00:12:47.180","Foque em realizar o 20% de esforço que vai gerar esse 80% de resultado."
"00:12:48.220","00:12:52.960","Nunca busque 100% de resultado."
"00:12:52.960","00:12:58.580","E nunca faça mais do que 20% do esforço eficiente."
"00:12:58.580","00:13:01.660","Foque em..."
"00:13:01.660","00:13:05.840","Foque no trabalho mínimo."
"00:13:05.840","00:13:11.660","Que vai gerar o maior resultado perceptível."
"00:13:11.660","00:13:14.420","Entendeu?"
"00:13:14.640","00:13:18.180","Que vai gerar o maior retorno sobre o tempo investido."
"00:13:18.180","00:13:22.300","Essa é a primeira lei de Kevin."
"00:13:22.300","00:13:24.580","Baseada na lei de Pareto."
"00:13:24.580","00:13:28.460","E beleza."
"00:13:28.460","00:13:32.220","Agora vamos à aplicação."
"00:13:32.220","00:13:34.140","A primeira lei de Kevin."
"00:13:34.140","00:13:36.440","De forma observável."
"00:13:36.440","00:13:39.540","Eu estou olhando agora pra uma..."
"00:13:39.540","00:13:41.660","A minha pia que está cheia de louça."
"00:13:42.980","00:13:46.440","Qual que vai ser o 20% de esforço."
"00:13:46.440","00:13:48.620","Que vai me gerar 80% do resultado."
"00:13:48.620","00:13:52.140","Nessa situação aqui."
"00:13:52.140","00:13:55.440","O 20% de esforço é..."
"00:13:55.440","00:13:58.340","Eu pegar todos os lixos que estão na pia."
"00:13:58.340","00:14:01.880","Colocar na sacola de lixo."
"00:14:01.880","00:14:03.200","Jogar lá pra fora."
"00:14:03.200","00:14:06.680","E esconder toda a pia."
"00:14:06.680","00:14:07.880","Debaixo da pia."
"00:14:07.880","00:14:08.860","Entendeu?"
"00:14:10.860","00:14:15.500","Vamos supor que eu precisaria de 100 minutos."
"00:14:15.500","00:14:17.720","Agir no rápido."
"00:14:17.720","00:14:19.640","Pra resolver essa pia."
"00:14:19.640","00:14:20.740","100 minutos."
"00:14:20.740","00:14:24.660","Esses 100 minutos me gerariam 100% do resultado."
"00:14:33.460","00:14:38.420","Os primeiros 20 minutos me gerariam 80% do resultado."
"00:14:38.420","00:14:43.920","E esses 20 minutos..."
"00:14:43.920","00:14:45.360","Então, tipo assim..."
"00:14:45.360","00:14:47.940","Como eu posso maximizar o resultado desses 20 minutos?"
"00:14:47.940","00:14:52.200","Aqui, na ideia que eu estou falando..."
"00:14:52.200","00:14:53.140","É..."
"00:14:53.140","00:14:54.600","Pegar todos os lixos."
"00:14:54.600","00:14:55.680","Jogar no lixo."
"00:14:58.680","00:15:02.640","Vamos supor que isso leva 5 minutos."
"00:15:02.640","00:15:04.820","Lavar a louça."
"00:15:04.820","00:15:07.440","Vamos supor que eu fique 10 minutos lavando louça."
"00:15:07.440","00:15:09.580","Aí sobra 5 minutos, né?"
"00:15:09.580","00:15:13.760","E pegar esses outros 5 minutos e guardar a louça suja de baixo na pia."
"00:15:15.960","00:15:17.460","Aí amanhã..."
"00:15:17.460","00:15:20.240","Essa é a tarefa de limpar lá."
"00:15:20.240","00:15:21.240","Tipo assim..."
"00:15:21.240","00:15:25.240","Isso vai gerar 80% de resultado da tarefa..."
"00:15:25.240","00:15:29.240","Deixar a sua pia visualmente agradável."
"00:15:29.240","00:15:31.320","Ah, outra coisa."
"00:15:31.320","00:15:32.660","Segunda lei de Kevin."
"00:15:32.660","00:15:34.620","Coloca na sua memória aí já."
"00:15:34.620","00:15:35.240","E, ah..."
"00:15:35.240","00:15:36.880","Segunda lei de Kevin."
"00:15:38.320","00:15:40.600","Escolha bem as suas tarefas."
"00:15:40.600","00:15:42.300","Porque, beleza..."
"00:15:42.300","00:15:43.740","Vamos supor que a minha tarefa..."
"00:15:43.740","00:15:44.740","É..."
"00:15:44.740","00:15:47.740","Aqui, no caso que eu estou agora..."
"00:15:47.740","00:15:51.000","Que eu escolha a tarefa limpar a casa toda."
"00:15:51.000","00:15:52.600","Deixar a casa um brilho."
"00:15:52.600","00:15:54.740","Putz..."
"00:15:54.740","00:15:55.980","Mano, eu sou só um."
"00:15:55.980","00:16:00.160","Eu ia levar o dia todo pra deixar essa casa bem organizada."
"00:16:00.160","00:16:00.640","Entendeu?"
"00:16:00.640","00:16:02.400","É..."
"00:16:02.400","00:16:03.160","Ok..."
"00:16:03.160","00:16:04.540","O retorno mental..."
"00:16:04.540","00:16:06.800","Mental, psicológico disso em mim..."
"00:16:06.800","00:16:07.760","Ia ser..."
"00:16:07.760","00:16:08.640","Ia ser bacana."
"00:16:08.640","00:16:10.240","Porque eu ia me sentir organizado."
"00:16:10.240","00:16:12.160","Isso ia me dar um pouco de autoestima."
"00:16:12.160","00:16:14.520","É..."
"00:16:14.520","00:16:14.920","Show."
"00:16:14.920","00:16:16.160","Só que..."
"00:16:16.160","00:16:17.540","Eu ia precisar de muito tempo."
"00:16:17.540","00:16:18.880","Eu tenho outras coisas pra fazer."
"00:16:18.880","00:16:21.020","Às vezes eu ia demorar a fazer."
"00:16:21.020","00:16:24.020","Porque eu ia sentir a culpa de tipo assim..."
"00:16:24.020","00:16:26.940","Poxa, eu podia estar investindo tempo em outra coisa."
"00:16:26.940","00:16:28.820","Que ia me gerar um resultado mais imediato."
"00:16:28.820","00:16:30.720","Ou que eu vou precisar pra amanhã."
"00:16:30.720","00:16:33.140","Por exemplo, fazendo alguma tarefa da CIR."
"00:16:33.160","00:16:35.880","Eu devia ir resolvendo alguma coisa de algumas das startups que eu tenho."
"00:16:35.880","00:16:37.180","Entendeu?"
"00:16:37.180","00:16:38.700","É..."
"00:16:38.700","00:16:39.260","Então..."
"00:16:39.260","00:16:40.320","Então eu tenho que equilibrar."
"00:16:40.320","00:16:41.940","Beleza."
"00:16:41.940","00:16:43.160","É..."
"00:16:43.160","00:16:43.880","Eu preciso."
"00:16:43.880","00:16:45.040","Eu..."
"00:16:45.040","00:16:48.240","Ou pelo menos o Kevin dentro de mim que quer ser organizado."
"00:16:48.240","00:16:51.140","Ele precisa dessa casa limpa e organizada."
"00:16:51.140","00:16:53.160","Só que..."
"00:16:53.160","00:16:55.220","É..."
"00:16:55.220","00:16:55.540","Aí..."
"00:16:55.540","00:16:56.620","E aí vem o equilíbrio, né?"
"00:16:56.620","00:16:58.160","Aí vem o escolha..."
"00:16:58.160","00:17:01.500","Escolha bem as suas tarefas da segunda lei de Kevin."
"00:17:03.160","00:17:04.160","Eu..."
"00:17:04.160","00:17:05.160","Eu..."
"00:17:05.160","00:17:07.240","Que nem eu disse agora."
"00:17:07.240","00:17:09.380","Eu não posso querer organizar a casa toda agora."
"00:17:09.380","00:17:10.940","Por quê?"
"00:17:10.940","00:17:13.160","É..."
"00:17:13.160","00:17:17.160","Isso não ia me gerar..."
"00:17:17.160","00:17:19.560","Isso não ia ser um esforço eficiente."
"00:17:20.220","00:17:22.220","O esforço eficiente do momento..."
"00:17:22.220","00:17:25.350","É organizar a casa..."
"00:17:25.350","00:17:27.610","Pra que ela pareça limpa."
"00:17:27.610","00:17:30.080","Pareça limpa."
"00:17:30.080","00:17:33.220","Isso se refere a esconder as sujeiras..."
"00:17:33.220","00:17:34.220","É..."
"00:17:34.220","00:17:37.080","Passar uma vassoura no chão."
"00:17:37.080","00:17:37.480","Entendeu?"
"00:17:37.480","00:17:40.040","Pegar a bagunça e esconder em lugares fora de vista."
"00:17:40.040","00:17:42.060","Pareça limpa."
"00:17:42.060","00:17:43.060","E aí..."
"00:17:43.060","00:17:45.060","Ao longo da semana..."
"00:17:45.060","00:17:47.060","É..."
"00:17:47.060","00:17:49.060","Gastando..."
"00:17:49.060","00:17:51.060","20 minutos por dia..."
"00:17:51.060","00:17:54.060","Eu..."
"00:17:54.060","00:17:56.060","Vá trabalhando..."
"00:17:56.060","00:17:59.080","Pra gerar o outro 20% de resultado."
"00:17:59.080","00:18:01.060","Fazer com que a minha casa pareça limpa..."
"00:18:01.060","00:18:04.060","Já vai me gerar..."
"00:18:04.060","00:18:06.440","80% de resultado."
"00:18:07.440","00:18:07.830","Aí..."
"00:18:07.830","00:18:08.540","Ao longo da semana..."
"00:18:08.540","00:18:10.440","Eu vou dedicando 20 minutos por dia..."
"00:18:10.440","00:18:13.440","Pra organizar uma pequena coisa..."
"00:18:13.440","00:18:17.560","Pra com que eu consiga alcançar o 100% de resultado."
"00:18:17.560","00:18:20.440","Pra que no final..."
"00:18:20.440","00:18:22.440","A casa..."
"00:18:22.440","00:18:24.320","Seja limpa."
"00:18:24.320","00:18:24.780","Entendeu?"
"00:18:24.780","00:18:27.460","Terceira lei de Kevin."
"00:18:27.460","00:18:29.440","Pareça..."
"00:18:29.440","00:18:30.330","Antes de ser."
"00:18:30.330","00:18:35.180","Pareça antes de ser."
"00:18:35.180","00:18:37.380","É isso."
"00:18:37.440","00:18:38.590","Terceira lei de Kevin."
"00:18:38.590","00:18:40.850","Primeira lei de Kevin..."
"00:18:40.850","00:18:42.440","20% do resultado..."
"00:18:42.440","00:18:44.580","É..."
"00:18:44.580","00:18:45.440","Gera 80%..."
"00:18:45.440","00:18:47.820","20% do esforço..."
"00:18:47.820","00:18:49.000","Gera 80% do resultado."
"00:18:49.000","00:18:50.980","É..."
"00:18:50.980","00:18:51.440","Foque..."
"00:18:51.440","00:18:52.680","Foque em..."
"00:18:52.680","00:18:54.440","Foque em fazer 20%..."
"00:18:54.440","00:18:57.850","Do esforço..."
"00:18:57.850","00:18:58.440","E se contente..."
"00:18:58.440","00:19:00.440","Em..."
"00:19:00.440","00:19:01.850","Não chegar..."
"00:19:01.850","00:19:03.820","A 100% do resultado rápido."
"00:19:03.820","00:19:05.590","Em não chegar..."
"00:19:05.590","00:19:06.440","A 100% do resultado..."
"00:19:06.440","00:19:07.440","De forma..."
"00:19:07.440","00:19:09.440","Na primeira sessão..."
"00:19:09.440","00:19:10.440","De esforço..."
"00:19:10.440","00:19:11.440","De esforço..."
"00:19:11.440","00:19:14.440","Sempre foque primeiro nos 20%..."
"00:19:14.440","00:19:15.440","No 20%..."
"00:19:15.440","00:19:16.440","No 20%..."
"00:19:16.440","00:19:18.440","Segunda lei..."
"00:19:18.440","00:19:20.440","É..."
"00:19:20.440","00:19:21.440","Ah..."
"00:19:21.440","00:19:22.820","Já até esqueci a segunda lei..."
"00:19:22.820","00:19:23.440","Depois eu vou lembrar..."
"00:19:23.440","00:19:25.440","Eu sei que a terceira é..."
"00:19:25.440","00:19:26.560","Pareça antes de ser."
"00:19:30.440","00:19:31.440","É..."
"00:19:31.440","00:19:32.440","Eu precisei de 20 minutos..."
"00:19:32.440","00:19:33.440","É..."
"00:19:33.440","00:19:33.440","Eu precisei de 20 minutos..."
"00:19:33.440","00:19:33.440","Para..."
"00:19:33.440","00:19:35.440","Para me convencer disso..."
"00:19:35.440","00:19:35.440","Só que..."
"00:19:35.440","00:19:37.240","Só que vai ser bom..."
"00:19:37.240","00:19:38.140","Por causa que eu estou..."
"00:19:38.140","00:19:39.660","Eu estou deixando o meu..."
"00:19:39.660","00:19:40.440","Meu conhecimento sintetizado..."
"00:19:40.440","00:19:41.440","Né..."
"00:19:41.440","00:19:47.440","E eu mostrei um monte de coisa ao mesmo tempo..."
"00:19:47.440","00:19:48.440","Você está doido..."
"00:19:48.440","00:19:54.440","Hoje..."
"00:19:54.440","00:19:55.440","Agora são..."
"00:19:55.440","00:19:58.440","Meio dia e 49..."
"00:19:58.440","00:19:59.440","12h49..."
"00:19:59.440","00:20:01.440","Do dia 27 de abril de 2026..."
"00:20:02.440","00:20:04.440","E..."
"00:20:04.440","00:20:05.440","Eu tenho..."
"00:20:05.440","00:20:06.440","Eu tenho algumas considerações..."
"00:20:06.440","00:20:07.440","Sobre..."
"00:20:07.440","00:20:09.440","O discurso que eu dei ontem..."
"00:20:09.440","00:20:11.440","Sobre a lei de Pareto..."
"00:20:11.440","00:20:13.440","Magos e macaco e tal..."
"00:20:13.440","00:20:15.760","Isso foi muito eficiente..."
"00:20:15.760","00:20:16.920","Foi muito eficiente mesmo..."
"00:20:16.920","00:20:17.440","Por causa que..."
"00:20:17.440","00:20:19.440","Eu consegui engrenar..."
"00:20:19.440","00:20:20.440","Tipo..."
"00:20:20.440","00:20:22.440","Depois do momento que eu parei..."
"00:20:22.440","00:20:23.440","Para..."
"00:20:23.440","00:20:26.440","Porque beleza..."
"00:20:26.440","00:20:28.440","Eu me convenci de que eu não precisava fazer tudo..."
"00:20:28.440","00:20:30.440","Eu precisava só fazer um pouco..."
"00:20:30.440","00:20:31.440","E aí esse pouco..."
"00:20:32.440","00:20:33.880","Engrenou..."
"00:20:33.880","00:20:34.920","E aí eu consegui..."
"00:20:34.920","00:20:35.800","Fazer muita coisa..."
"00:20:35.800","00:20:36.140","Tipo..."
"00:20:36.140","00:20:37.300","Eu deixei..."
"00:20:37.300","00:20:38.440","De fato..."
"00:20:38.440","00:20:39.800","Eu deixei minha casa..."
"00:20:39.800","00:20:41.350","80% limpa..."
"00:20:41.350","00:20:42.140","Ontem..."
"00:20:42.140","00:20:42.460","Eu não..."
"00:20:42.460","00:20:44.040","Eu não levei 20 minutos..."
"00:20:44.040","00:20:45.610","Como eu achei que eu levaria..."
"00:20:45.610","00:20:47.460","Mas isso foi inteligente também..."
"00:20:47.460","00:20:48.720","Por causa que eu enganei minha mente..."
"00:20:48.720","00:20:50.330","Pensando que eu ia..."
"00:20:50.330","00:20:53.140","Demorar só um pouquinho nessa tarefa..."
"00:20:53.140","00:20:54.720","E..."
"00:20:54.720","00:20:55.720","Isso..."
"00:20:55.720","00:20:56.520","Facilitou..."
"00:20:56.520","00:20:58.850","Aí eu começar a fazer..."
"00:20:58.850","00:20:59.500","Beleza..."
"00:20:59.500","00:21:00.000","Que tipo assim..."
"00:21:00.000","00:21:00.610","Eu comecei..."
"00:21:00.610","00:21:01.660","Era umas 3 da tarde..."
"00:21:01.660","00:21:02.610","Eu só fui parar..."
"00:21:02.610","00:21:03.020","Era..."
"00:21:03.020","00:21:04.920","Depois da meia-noite..."
"00:21:04.920","00:21:06.320","Só que..."
"00:21:06.320","00:21:06.610","Poxa..."
"00:21:06.610","00:21:08.700","Minha casa tá..."
"00:21:08.700","00:21:09.440","Tipo..."
"00:21:09.440","00:21:11.060","Já dá pra levar o namoradinho lá..."
"00:21:11.060","00:21:11.380","Entendeu?"
"00:21:18.090","00:21:19.140","Enfim..."
"00:21:19.140","00:21:21.420","Vamos continuar com as leis de Kevin..."
"00:21:21.420","00:21:23.350","A lei de Pareto funciona..."
"00:21:23.350","00:21:26.420","Vamos focar no 80-20..."
"00:21:26.420","00:21:31.280","Foque no 80-20..."
"00:21:31.280","00:21:32.350","Essa lei é insuperável..."
"00:21:33.060","00:21:39.180","Agora são 19h02..."
"00:21:39.180","00:21:42.380","Do dia 27 de abril de 2026..."
"00:21:42.380","00:21:44.440","Eu..."
"00:21:44.440","00:21:46.720","Lembrei de fazer essa adoção ao sol..."
"00:21:46.720","00:21:48.780","Há 6 horas..."
"00:21:48.780","00:21:51.160","E eu tô começando a desenvolver uma oração própria..."
"00:21:53.300","00:21:55.400","Eu acho que o primeiro tem que ser..."
"00:21:55.400","00:21:58.400","Nas do Crowley..."
"00:21:58.400","00:21:59.400","Ele..."
"00:21:59.400","00:22:02.220","Ele honra o sol primeiro, né?"
"00:22:02.220","00:22:06.400","Mas o que eu tava pensando era tipo assim..."
"00:22:06.400","00:22:07.600","Agradeço..."
"00:22:07.600","00:22:08.400","Ou..."
"00:22:10.440","00:22:10.800","É..."
"00:22:10.800","00:22:11.500","Agradeço..."
"00:22:11.500","00:22:12.800","Agradeço..."
"00:22:12.800","00:22:16.800","A vontade verdadeira realizada..."
"00:22:16.800","00:22:22.120","Agradeço a vontade verdadeira que me permite..."
"00:22:22.120","00:22:24.800","Me mover com força..."
"00:22:24.800","00:22:26.800","No caminho da sabedoria..."
"00:22:26.800","00:22:28.440","Ou..."
"00:22:28.440","00:22:29.800","Agradeço a força que me move..."
"00:22:29.800","00:22:32.800","No caminho da sabedoria..."
"00:22:32.800","00:22:34.800","Em rumo..."
"00:22:34.800","00:22:37.800","Rumo a vontade verdadeira realizada..."
"00:22:40.440","00:22:41.840","Ou..."
"00:22:41.840","00:22:43.080","Alguma coisa do tipo..."
"00:22:43.080","00:22:46.080","É..."
"00:22:46.080","00:22:49.140","Reafirma a força que me..."
"00:22:49.140","00:22:50.080","Move com sabedoria..."
"00:22:50.080","00:22:55.140","Rumo a vontade verdadeira realizada..."
"00:22:55.140","00:22:56.160","Alguma coisa assim, sabe?"
"00:22:56.160","00:22:58.480","Eu acho que as três palavras-chave são..."
"00:22:58.480","00:22:59.080","Força, sabedoria..."
"00:22:59.080","00:23:00.200","E..."
"00:23:00.200","00:23:01.080","Vontade verdadeira..."
"00:23:01.080","00:23:02.080","Ou propósito..."
"00:23:02.080","00:23:04.080","Rumo a propósito..."
"00:23:04.080","00:23:05.960","Eu acho que..."
"00:23:05.960","00:23:08.080","Vontade verdadeira pode ser..."
"00:23:08.080","00:23:09.080","Pode ser mudada por propósito..."
"00:23:10.040","00:23:11.600","Eu acho que..."
"00:23:11.600","00:23:12.840","Ficaria mais simples..."
"00:23:12.840","00:23:13.640","Mais fácil de entender..."
"00:23:13.640","00:23:18.640","É..."
"00:23:18.640","00:23:24.640","A lua..."
"00:23:24.640","00:23:26.840","Tá quase cheia..."
"00:23:26.840","00:23:28.640","Ela tá tipo..."
"00:23:28.640","00:23:29.640","Crescente..."
"00:23:29.640","00:23:34.560","É..."
"00:23:34.560","00:23:36.640","Mas ela tá crescente..."
"00:23:36.640","00:23:39.640","Em alguns dias ela vai tá cheia..."
"00:23:39.640","00:23:42.240","É..."
"00:23:42.240","00:23:43.240","É..."
"00:23:43.240","00:23:47.240","É..."
"00:23:47.240","00:23:47.240","É..."
"00:23:47.240","00:23:47.840","É..."
"00:23:47.840","00:23:49.160","O que mais que eu posso comentar, né?"
"00:23:49.160","00:23:50.520","Ah, o dia de hoje foi..."
"00:23:50.520","00:23:51.240","Foi cheio pra caramba..."
"00:23:51.240","00:23:53.240","Lá na..."
"00:23:53.240","00:23:53.240","Na..."
"00:23:53.240","00:23:53.980","A..."
"00:23:53.980","00:23:54.580","Sirve..."
"00:23:54.580","00:23:55.240","A... Sirve..."
"00:23:55.240","00:23:57.240","É..."
"00:23:57.240","00:24:00.440","Cheio pra caramba..."
"00:24:00.440","00:24:02.240","Teve scrum logo pela manhã..."
"00:24:02.240","00:24:03.840","Aí no scrum..."
"00:24:03.840","00:24:05.840","O pessoal definiu que..."
"00:24:05.840","00:24:05.840","Que agora..."
"00:24:05.840","00:24:07.840","Tinha que..."
"00:24:07.840","00:24:08.840","Tinha que ter..."
"00:24:08.840","00:24:10.840","Um trelo..."
"00:24:10.840","00:24:12.840","Da sprint atual..."
"00:24:12.840","00:24:13.840","Do scrum..."
"00:24:13.840","00:24:15.840","Só que..."
"00:24:15.840","00:24:16.840","Tipo..."
"00:24:16.840","00:24:18.140","À medida que eu for realizando..."
"00:24:18.140","00:24:18.440","Eu vou..."
"00:24:18.440","00:24:20.140","Eu vou colocando..."
"00:24:20.140","00:24:21.240","Com várias colunas..."
"00:24:21.240","00:24:21.380","Sabe?"
"00:24:21.380","00:24:22.440","Uma coluna de afazer..."
"00:24:22.440","00:24:24.540","Esse trelo, né?"
"00:24:24.540","00:24:25.660","Do sprint atual..."
"00:24:25.660","00:24:26.720","Uma coluna de afazer..."
"00:24:26.720","00:24:29.440","Uma coluna de em andamento..."
"00:24:29.440","00:24:30.740","E aí..."
"00:24:30.740","00:24:32.320","Uma coluna concluido na segunda..."
"00:24:32.320","00:24:33.640","Outra coluna concluido na terça..."
"00:24:33.640","00:24:35.440","Outra coluna concluido na quarta..."
"00:24:35.440","00:24:37.140","Pra ver quantas tarefas..."
"00:24:37.140","00:24:38.620","Eu consigo concluir por dia..."
"00:24:38.620","00:24:38.840","Entendeu?"
"00:24:38.840","00:24:48.040","Tá..."
"00:24:48.040","00:24:51.040","Quantas tarefas concluídas por dia..."
"00:24:51.040","00:24:53.740","E..."
"00:24:53.740","00:24:55.140","E é isso..."
"00:24:55.140","00:24:55.740","Eu..."
"00:24:55.740","00:24:58.040","Eu tava pensando nisso..."
"00:24:58.040","00:25:00.060","Ah..."
"00:25:00.060","00:25:00.440","E..."
"00:25:00.440","00:25:01.480","Assim foi o meu dia, né?"
"00:25:01.480","00:25:02.140","No caso..."
"00:25:02.140","00:25:04.040","Era isso que eu tava dizendo..."
"00:25:05.440","00:25:11.340","Eu tô deitado na pracinha..."
"00:25:11.340","00:25:12.340","No banco..."
"00:25:12.340","00:25:13.240","Parece um..."
"00:25:13.240","00:25:15.240","Sei lá..."
"00:25:15.240","00:25:17.240","É..."
"00:25:17.240","00:25:20.240","Pessoas que se deitam na pracinha..."
"00:25:20.240","00:25:22.240","Num banco..."
"00:25:22.240","00:25:23.900","Eu acho que não é legal..."
"00:25:23.900","00:25:25.020","Ficar deitado no público, né?"
"00:25:25.020","00:25:27.240","Eu vou sentar..."
"00:25:27.240","00:25:28.740","A não ser que eu..."
"00:25:28.740","00:25:31.240","Suba ali naquele brinquedo de criança..."
"00:25:31.240","00:25:33.240","E deite lá dentro..."
"00:25:33.240","00:25:35.240","Aí eu acho que vai fazer sentido..."
"00:25:35.440","00:25:37.840","Eu vou fazer isso..."
"00:25:37.840","00:25:39.340","Ah, forse..."
"00:25:39.340","00:25:43.840","Apesar de que o..."
"00:25:43.840","00:25:45.340","Brinquedo tem tipo um..."
"00:25:45.340","00:25:50.340","Uma coluna bem no meio..."
"00:25:50.340","00:25:52.740","Talvez pra impedir que pessoas tenham..."
"00:25:52.740","00:25:53.840","A mesma ideia do que eu..."
"00:25:53.840","00:25:54.340","Que eu tive..."
"00:25:54.340","00:25:57.340","De deitar no banco na praça..."
"00:25:57.340","00:26:03.240","De usar isso aí como..."
"00:26:03.240","00:26:05.420","Como cama, né?"
"00:26:05.420","00:26:07.240","Na verdade..."
"00:26:07.240","00:26:09.240","Visto que é coberto, então..."
"00:26:09.240","00:26:10.320","Seria tipo assim..."
"00:26:10.320","00:26:11.740","Bem ideal pra um mendigo..."
"00:26:11.740","00:26:12.740","Ou alguma coisa assim..."
"00:26:12.740","00:26:15.140","Então eu vou continuar..."
"00:26:15.140","00:26:16.260","Deitar no banco na praça mesmo..."
"00:26:16.260","00:26:17.540","E foda-se..."
"00:26:17.540","00:26:18.980","Ah, que as pessoas me julguem..."
"00:26:18.980","00:26:20.640","Eu quero esticar minhas costas..."
"00:26:20.640","00:26:22.640","Enfim..."
"00:26:22.640","00:26:26.080","Aquela ideia do 80-20..."
"00:26:26.080","00:26:26.640","Ela..."
"00:26:26.640","00:26:29.040","Ela tá funcionando muito bem..."
"00:26:29.040","00:26:29.640","Na verdade..."
"00:26:29.640","00:26:32.740","É..."
"00:26:32.740","00:26:34.140","Focar no 80% que vai..."
"00:26:34.140","00:26:36.140","Que vai vir de 20% do resultado..."
"00:26:36.140","00:26:38.320","Ou focar no 20% de esforço..."
"00:26:38.320","00:26:40.140","Que vai gerar 80% de resultado..."
"00:26:40.140","00:26:42.140","Isso é importante..."
"00:26:42.140","00:26:44.140","E..."
"00:26:44.140","00:26:46.140","E é interessante..."
"00:26:46.140","00:26:47.440","Por causa que esse tipo de dado..."
"00:26:47.440","00:26:48.140","E esse tipo de estatística..."
"00:26:48.140","00:26:49.140","Muda..."
"00:26:49.140","00:26:50.940","Muda opiniões..."
"00:26:50.940","00:26:51.900","Por causa que..."
"00:26:51.900","00:26:52.200","Ó..."
"00:26:52.200","00:26:52.680","Por exemplo..."
"00:26:52.680","00:26:53.420","Hoje a Vivi..."
"00:26:53.420","00:26:54.140","Ela..."
"00:26:54.140","00:26:56.140","Ela..."
"00:26:56.140","00:26:59.140","Me falou..."
"00:26:59.140","00:27:01.140","Tipo..."
"00:27:01.140","00:27:02.420","Pra lembrar..."
"00:27:02.420","00:27:03.140","Do..."
"00:27:04.740","00:27:06.740","Do 80%..."
"00:27:06.740","00:27:10.740","Do 80% de resultado..."
"00:27:10.740","00:27:11.600","Que vem..."
"00:27:11.600","00:27:12.740","Que vem de 20% do esforço..."
"00:27:12.740","00:27:16.740","Tipo..."
"00:27:16.740","00:27:17.820","E..."
"00:27:17.820","00:27:19.560","As minhas ideias influenciaram ela..."
"00:27:19.560","00:27:20.740","Olha só que legal..."
"00:27:20.740","00:27:24.740","E..."
"00:27:24.740","00:27:26.740","E tipo assim..."
"00:27:26.740","00:27:28.100","Deve ter algum motivo..."
"00:27:28.100","00:27:29.920","Pra essa lei de Pareto..."
"00:27:29.920","00:27:30.760","Se chamar lei..."
"00:27:30.760","00:27:31.080","Quer dizer..."
"00:27:31.080","00:27:31.740","As coisas..."
"00:27:31.740","00:27:33.900","Cientificamente falando..."
"00:27:33.900","00:27:35.900","Não é fácil de uma coisa virar uma lei..."
"00:27:35.900","00:27:36.420","Sabe..."
"00:27:36.420","00:27:36.660","Tipo..."
"00:27:36.660","00:27:37.900","Muita gente..."
"00:27:37.900","00:27:40.160","Tem que analisar isso..."
"00:27:40.160","00:27:40.900","E..."
"00:27:40.900","00:27:42.980","Analisar os dados..."
"00:27:42.980","00:27:43.820","Em conjunto..."
"00:27:43.820","00:27:45.220","E todo mundo entra em consenso..."
"00:27:45.220","00:27:45.900","De que isso..."
"00:27:45.900","00:27:47.960","Isso é válido..."
"00:27:47.960","00:27:48.840","Isso é verdade..."
"00:27:48.840","00:27:49.980","Isso é falseável..."
"00:27:49.980","00:27:50.400","Isso..."
"00:27:50.400","00:27:50.900","Tipo..."
"00:27:50.900","00:27:51.760","Tipo..."
"00:27:51.760","00:27:53.200","Deve ter um monte de pessoas..."
"00:27:53.200","00:27:54.980","Interessadas em fazer com que..."
"00:27:54.980","00:27:56.000","Isso não seja uma lei..."
"00:27:56.000","00:27:56.900","Tipo..."
"00:27:56.900","00:27:58.900","Refutar isso..."
"00:27:58.900","00:28:01.900","É..."
"00:28:01.900","00:28:03.900","Mas bem..."
"00:28:03.900","00:28:05.200","Mas..."
"00:28:05.200","00:28:06.100","Mesmo assim..."
"00:28:06.100","00:28:07.120","O consenso geral..."
"00:28:07.120","00:28:07.800","De que é uma lei..."
"00:28:07.800","00:28:08.280","Quer dizer..."
"00:28:08.280","00:28:09.020","Então..."
"00:28:09.020","00:28:09.820","Então..."
"00:28:09.820","00:28:11.160","O universo inteiro..."
"00:28:11.160","00:28:12.860","Deve funcionar assim..."
"00:28:12.860","00:28:13.160","Tipo..."
"00:28:13.160","00:28:14.700","As leis da termodinâmica..."
"00:28:14.700","00:28:15.900","Ou as leis da natureza..."
"00:28:15.900","00:28:20.300","As leis da gravidade..."
"00:28:20.300","00:28:20.900","E tal..."
"00:28:20.900","00:28:22.180","Tipo..."
"00:28:22.180","00:28:23.120","As leis da física..."
"00:28:23.120","00:28:24.040","Ou da matemática..."
"00:28:24.040","00:28:24.780","Quando é uma lei..."
"00:28:24.780","00:28:25.900","É inquebrável..."
"00:28:25.900","00:28:27.100","Entende?"
"00:28:27.100","00:28:31.940","Então..."
"00:28:31.940","00:28:32.300","Vamos..."
"00:28:32.300","00:28:34.160","Começar a aplicar pareto em tudo..."
"00:28:34.160","00:28:34.540","Quer dizer..."
"00:28:34.540","00:28:35.220","Vamos..."
"00:28:35.220","00:28:37.720","Vamos tentar pensar em alguma coisa aqui..."
"00:28:37.720","00:28:38.600","Como pareto..."
"00:28:38.600","00:28:40.320","Tipo..."
"00:28:40.320","00:28:42.120","Será que 20% da humanidade..."
"00:28:42.120","00:28:44.420","Faz 80% de todo o sexo?"
"00:28:44.420","00:28:48.560","Será que 20% dos países..."
"00:28:48.560","00:28:50.520","Causam 80% de todas as guerras?"
"00:28:50.520","00:28:51.640","Ah..."
"00:28:51.640","00:28:53.900","Eu acho isso bem provável..."
"00:28:53.900","00:28:55.680","Bem provável..."
"00:28:55.680","00:28:57.300","Será que..."
"00:28:57.300","00:28:58.520","20% das pessoas..."
"00:28:58.520","00:28:59.920","Tem 80% de todo o dinheiro?"
"00:28:59.920","00:29:01.860","Ah..."
"00:29:01.860","00:29:03.420","O capitalismo já está tão absurdo..."
"00:29:03.420","00:29:04.920","Que eu acho que é menos que isso..."
"00:29:04.920","00:29:05.680","Inclusive..."
"00:29:05.680","00:29:07.240","É..."
"00:29:07.240","00:29:08.640","Menos de 20% das pessoas..."
"00:29:08.640","00:29:09.680","Tem 80% de todo o dinheiro..."
"00:29:09.680","00:29:15.680","Será que..."
"00:29:15.680","00:29:16.680","Ah..."