arquivo_vault,arquivo_origem,sha256,tamanho_bytes
75-Anexos/Imagens-Selecionadas/SAFE ZONE-1d33ab60.png,Primeiro Segundo Cérebro/SAFE ZONE.PNG,1d33ab602b87110c8a599ac7fc3cd52c7850c96c7e04c1be15d8b268d1a94041,101686
75-Anexos/Imagens-Selecionadas/Pasted image 20250204090427-32e4c3e0.png,Primeiro Segundo Cérebro/.trash/Pasted image 20250204090427.png,32e4c3e09c06225dd4fa4fdc10390caf3b41d69e7dd9a30f059030df7258958b,2499436
75-Anexos/Imagens-Selecionadas/Pasted image 20250602021155-1b1d3cc6.png,Primeiro Segundo Cérebro/imagens/Pasted image 20250602021155.png,1b1d3cc69c8480fe356c93ae5e1e9adae4bd22539b87fd0d3a2f212c3c026610,38845
75-Anexos/Imagens-Selecionadas/Pasted image 20251011153214-004ecd7f.png,Primeiro Segundo Cérebro/imagens/Pasted image 20251011153214.png,004ecd7f13bfcf9af459b971ad724757b6c61c6ad472fcfb30354ab0acb98f78,282494
75-Anexos/Imagens-Selecionadas/Pasted image 20251011154832-26d3285a.png,Primeiro Segundo Cérebro/imagens/Pasted image 20251011154832.png,26d3285ab4947ceda7309a15ee3889fd527313829bb95ed3069eaaa375ec5910,18631
75-Anexos/Imagens-Selecionadas/Pasted image 20251011154942-3c4ea141.png,Primeiro Segundo Cérebro/imagens/Pasted image 20251011154942.png,3c4ea141b54bb5880466aa3ad21c5da13387631890278ad1b04565c8048d081b,141693
75-Anexos/Imagens-Selecionadas/Pasted image 20251011161025-feee530f.png,Primeiro Segundo Cérebro/imagens/Pasted image 20251011161025.png,feee530fa81bf25d36a03a4835667977e9b0ca1fd9b8890322ff7a0735475545,152234
75-Anexos/Imagens-Selecionadas/Pasted image 20251011161341-5fc7b67d.png,Primeiro Segundo Cérebro/imagens/Pasted image 20251011161341.png,5fc7b67d22515ddd99ca43611ab857528539872621f020b088e0cd9856eaa689,48377
75-Anexos/Imagens-Selecionadas/Pasted image 20251011163225-ae574eb7.png,Primeiro Segundo Cérebro/imagens/Pasted image 20251011163225.png,ae574eb7275140418c6091c72bc227f53e1141eefa68a9012e0772955a7dbf34,114018
"75-Anexos/Imagens-Selecionadas/Generated Image December 31, 2025 - 7_24AM-b9184348.png","Outros/Arquivados/Generated Image December 31, 2025 - 7_24AM.png",b91843481490422fa9c08ca61214d0fafd22543acc00be4f99cd495d639354ba,2471842
